variável,faixa,n_treino,taxa_default,woe,pontos
revolving_util,<= 0,7658,0.029903369025855314,0.8416664715625338,95
revolving_util,"(0, 0.05]",26119,0.013974501320877523,1.619454029282059,109
revolving_util,"(0.05, 0.13]",15861,0.02049051131706702,1.2299405720475107,102
revolving_util,"(0.13, 0.23]",10170,0.030973451327433628,0.8059819323524477,95
revolving_util,"(0.23, 0.39]",10762,0.04599516818435235,0.3955271524274025,87
revolving_util,"(0.39, 0.5]",5537,0.06646198302329781,0.005446199764088025,80
revolving_util,"(0.5, 0.7]",7996,0.09554777388694347,-0.38852632815209537,73
revolving_util,"(0.7, 0.9]",6963,0.15309493034611518,-0.9254980662628436,64
revolving_util,"(0.9, 1]",11628,0.19281045751633988,-1.2039631678018028,59
revolving_util,> 1,2306,0.3681699913269731,-2.0958143625206076,43
age,<= 33,11940,0.11323283082077051,-0.5778966593001638,74
age,"(33, 40]",12746,0.09265651969245253,-0.35446872308377086,76
age,"(40, 48]",19227,0.08269620845685755,-0.22973154911129326,78
age,"(48, 53]",12903,0.07672634271099744,-0.14849281034706602,79
age,"(53, 56]",7412,0.06543443065299515,0.022364554922590006,81
age,"(56, 62]",14222,0.04879763746308536,0.3336512539963102,84
age,"(62, 69]",12929,0.03194369247428262,0.7744351043093805,89
age,> 69,13620,0.022980910425844346,1.1125732708907732,93
age,Faltante,1,0.0,0.0,80
debt_ratio,<= 0.4256,57880,0.05926053904630269,0.12867726122854958,84
debt_ratio,"(0.4256, 0.5246]",8268,0.07305273343009192,-0.09595586014459083,78
debt_ratio,"(0.5246, 0.7127]",8265,0.09231699939503932,-0.3508302950400706,71
debt_ratio,"(0.7127, 0.9491]",4134,0.11369134010643445,-0.5832575273554352,65
debt_ratio,> 0.9491,4121,0.13103615627274934,-0.7448663987206627,61
debt_ratio,Faltante,22332,0.054227118036897726,0.22252347007298998,86
late_30_59,<= 0,88249,0.04049904248206779,0.5290261350686712,88
late_30_59,"(0, 1]",11216,0.1480920114122682,-0.8865787661891906,68
late_30_59,"(1, 2]",3193,0.2646414030692139,-1.6143709251951628,58
late_30_59,> 2,2159,0.3867531264474294,-2.1752149016469016,50
late_30_59,Faltante,183,0.5628415300546448,-2.8872892906044836,40
late_60_89,<= 0,99676,0.05100525703278623,0.2873405134844271,83
late_60_89,"(0, 1]",4039,0.3134439217628126,-1.8521881119439394,61
late_60_89,> 1,1102,0.5127041742286751,-2.6868225175518563,52
late_60_89,Faltante,183,0.5628415300546448,-2.887355410278405,49
late_90,<= 0,99124,0.04618457689358783,0.3916793614050711,86
late_90,"(0, 1]",3732,0.33815648445873525,-1.964714304861209,50
late_90,> 1,1961,0.5481896991330953,-2.829300805191021,37
late_90,Faltante,183,0.5628415300546448,-2.887355410278405,36
real_estate_loans,<= 0,39313,0.08401800930989749,-0.24727905660987137,76
real_estate_loans,"(0, 2]",58803,0.0530245055524378,0.24626056618106681,85
real_estate_loans,> 2,6884,0.08672283556072051,-0.2825425761160624,75
